Percentage,8,4,6
0.05,78.87417,,
0.25,25.430464,11.777943,30.192503
0.5,7.0198703,20.780191,28.87538
0.75,1.192055,1.8004484,9.422496