Percentage,8,4,6
0.05,94.80916,,
0.25,99.84733,48.033436,74.88152
0.5,50.8397,98.6234,24.644545
0.75,24.122137,20.058996,46.91943